Datetime,Water Level (m)
2025-06-11 00:00:00,-7.001
2025-06-11 01:00:00,-7.001
2025-06-11 02:00:00,-7.001
2025-06-11 03:00:00,-7.001
2025-06-11 04:00:00,-7.001
2025-06-11 05:00:00,-7.001
2025-06-11 06:00:00,-7.001
2025-06-11 07:00:00,-7.001
2025-06-11 08:00:00,-7.001
2025-06-11 09:00:00,-7.001
2025-06-11 10:00:00,-7.001
2025-06-11 11:00:00,-7.001
2025-06-11 12:00:00,-7.001
2025-06-11 13:00:00,-7.001
2025-06-11 14:00:00,-7.001
2025-06-11 15:00:00,-7.001
2025-06-11 16:00:00,-7.001
2025-06-11 17:00:00,-7.001
2025-06-11 18:00:00,-7.001
2025-06-11 19:00:00,-7.001
2025-06-11 20:00:00,-7.001
2025-06-11 21:00:00,0.12656862
2025-06-11 22:00:00,0.13531794
2025-06-11 23:00:00,0.1399851
2025-06-12 00:00:00,0.14164811
2025-06-12 01:00:00,0.14597838
2025-06-12 02:00:00,0.14896208
2025-06-12 03:00:00,0.15974441
2025-06-12 04:00:00,0.1613558
2025-06-12 05:00:00,0.16868678
2025-06-12 06:00:00,0.17109324
2025-06-12 07:00:00,0.17365839
2025-06-12 08:00:00,0.1732422
2025-06-12 09:00:00,0.16954905
2025-06-12 10:00:00,0.16702808
2025-06-12 11:00:00,0.16710232
2025-06-12 12:00:00,0.16996418
2025-06-12 13:00:00,0.17429
2025-06-12 14:00:00,0.1801853
2025-06-12 15:00:00,0.18926789
2025-06-12 16:00:00,0.19901438
2025-06-12 17:00:00,0.20799144
2025-06-12 18:00:00,0.21652909
2025-06-12 19:00:00,0.22345129
2025-06-12 20:00:00,0.22838174
2025-06-12 21:00:00,0.23100135
2025-06-12 22:00:00,0.23173407
2025-06-12 23:00:00,0.2316181
2025-06-13 00:00:00,0.2323508
2025-06-13 01:00:00,0.23516291
2025-06-13 02:00:00,0.23988907
2025-06-13 03:00:00,0.24557199
2025-06-13 04:00:00,0.25136065
2025-06-13 05:00:00,0.26244107
2025-06-13 06:00:00,0.27928686
2025-06-13 07:00:00,0.29759106
2025-06-13 08:00:00,0.3141411
2025-06-13 09:00:00,0.32668757
2025-06-13 10:00:00,0.3359794
2025-06-13 11:00:00,0.3464532
2025-06-13 12:00:00,0.35995033
2025-06-13 13:00:00,0.37568605
2025-06-13 14:00:00,0.39423156
2025-06-13 15:00:00,0.41559494
2025-06-13 16:00:00,0.43821108
2025-06-13 17:00:00,0.45981747
2025-06-13 18:00:00,0.4793651
2025-06-13 19:00:00,0.49610323
2025-06-13 20:00:00,0.5092003
2025-06-13 21:00:00,0.51867837
2025-06-13 22:00:00,0.5255562
2025-06-13 23:00:00,0.53122944
2025-06-14 00:00:00,0.53748786
2025-06-14 01:00:00,0.5465439
2025-06-14 02:00:00,0.5587668
2025-06-14 03:00:00,0.5734
2025-06-14 04:00:00,0.5882025
2025-06-14 05:00:00,0.6014099
2025-06-14 06:00:00,0.6124952
2025-06-14 07:00:00,0.62156504
2025-06-14 08:00:00,0.62887204
2025-06-14 09:00:00,0.6341475
2025-06-14 10:00:00,0.6374381
2025-06-14 11:00:00,0.64034325
2025-06-14 12:00:00,0.64507157
2025-06-14 13:00:00,0.65279776
2025-06-14 14:00:00,0.664233
2025-06-14 15:00:00,0.6795093
2025-06-14 16:00:00,0.6971718
2025-06-14 17:00:00,0.715264
2025-06-14 18:00:00,0.72947764
2025-06-14 19:00:00,0.74141943
2025-06-14 20:00:00,0.7537717
2025-06-14 21:00:00,0.763065
2025-06-14 22:00:00,0.76968366
2025-06-14 23:00:00,0.77461386
2025-06-15 00:00:00,0.7789905
2025-06-15 01:00:00,0.7844416
2025-06-15 02:00:00,0.7922858
2025-06-15 03:00:00,0.802666
2025-06-15 04:00:00,0.8146937
2025-06-15 05:00:00,0.8267389
2025-06-15 06:00:00,0.8375698
2025-06-15 07:00:00,0.8469403
2025-06-15 08:00:00,0.85434693
2025-06-15 09:00:00,0.8593365
2025-06-15 10:00:00,0.86307746
2025-06-15 11:00:00,0.86597085
2025-06-15 12:00:00,0.86864007
2025-06-15 13:00:00,0.8727155
2025-06-15 14:00:00,0.8798561
2025-06-15 15:00:00,0.89072
2025-06-15 16:00:00,0.90555704
2025-06-15 17:00:00,0.9225198
2025-06-15 18:00:00,0.93866426
2025-06-15 19:00:00,0.9524801
2025-06-15 20:00:00,0.96366036
2025-06-15 21:00:00,0.9724785
2025-06-15 22:00:00,0.97905684
2025-06-15 23:00:00,0.9837526
2025-06-16 00:00:00,0.9871357
2025-06-16 01:00:00,0.99040985
2025-06-16 02:00:00,0.9949152
2025-06-16 03:00:00,1.0018758
2025-06-16 04:00:00,1.0114629
2025-06-16 05:00:00,1.0227017
2025-06-16 06:00:00,1.0340716
2025-06-16 07:00:00,1.0447408
2025-06-16 08:00:00,1.0549496
2025-06-16 09:00:00,1.0643852
2025-06-16 10:00:00,1.0718299
2025-06-16 11:00:00,1.0769818
2025-06-16 12:00:00,1.0804398
2025-06-16 13:00:00,1.0840607
2025-06-16 14:00:00,1.0896413
2025-06-16 15:00:00,1.0979357
2025-06-16 16:00:00,1.1091659
2025-06-16 17:00:00,1.123429
2025-06-16 18:00:00,1.1387715
2025-06-16 19:00:00,1.1529707
2025-06-16 20:00:00,1.1651219
2025-06-16 21:00:00,1.1753886
2025-06-16 22:00:00,1.1838665
2025-06-16 23:00:00,1.1903495
2025-06-17 00:00:00,1.1953691
